{
    "100": {
        "ratio": 0.020343408203125003,
        "err": -3.7527049587551426e-07
    },
    "102": {
        "ratio": 0.05639130859375,
        "err": -2.893844521829363e-07
    }
}