{
    "100": {
        "0.01": [
            5.123641397054683e-07,
            -2.6911126876476104e-06,
            -3.6863239144990903e-06,
            -6.101173156683053e-07,
            -1.6869627746368768e-06,
            -7.536936972479439e-07,
            -2.3610818102154628e-06,
            -3.443834978254884e-06,
            -2.438564255121806e-06,
            -2.5380087015493015e-06
        ],
        "0.02": [
            -2.050384272572483e-06,
            -1.3622701105957054e-06,
            -2.1459652574235507e-06,
            -1.2597484468295584e-07,
            1.1748661032840702e-07,
            -1.7279047453784977e-06,
            -2.7009899448989912e-06,
            2.4946821637331144e-06,
            3.426355542415246e-06,
            8.882231149946435e-06
        ],
        "0.03": [
            3.3969397951837444e-06,
            -9.912700818126455e-07,
            4.473509295929043e-06,
            3.2286908150585507e-06,
            -9.08649259152123e-08,
            4.310948189396036e-06,
            -7.867127314419167e-07,
            -2.34965343999156e-06,
            -3.124436270003163e-06,
            -4.158763687826646e-06
        ],
        "0.04": [
            5.180706123318884e-06,
            -1.2384300306433077e-06,
            4.954615276293748e-07,
            4.281776332395059e-06,
            8.316181760461735e-06,
            1.9785862320025454e-06,
            1.3359427059413496e-06,
            -8.345558052105302e-07,
            -3.5314234400640197e-06,
            -4.63377533279815e-07
        ],
        "0.05": [
            9.489336785478601e-06,
            2.934439035130004e-06,
            1.5007461590901717e-05,
            9.45534903485196e-06,
            5.346751407194329e-06,
            -3.426918577714202e-06,
            -2.7541049419616213e-06,
            -2.6505929577415785e-06,
            1.667624550529145e-05,
            4.364674764765058e-06
        ],
        "0.060000000000000005": [
            2.637637931058619e-05,
            3.245696857882146e-06,
            1.0865397900755842e-05,
            4.753284961321587e-07,
            -3.700732658832642e-06,
            -1.1231077256635295e-06,
            1.894155841899108e-05,
            -2.7436101082016007e-08,
            9.830362024718703e-06,
            8.367053797498914e-06
        ],
        "0.06999999999999999": [
            6.72638479683848e-06,
            2.6675293200964922e-06,
            1.2210052756549056e-05,
            -1.9208381585885994e-06,
            1.9624293291251746e-06,
            1.8113629177237238e-07,
            -1.2840101082770549e-06,
            -5.897664207208551e-07,
            1.2467713735511126e-05,
            5.5171161198043186e-06
        ],
        "0.08": [
            9.122021328013935e-06,
            5.063223194714803e-06,
            3.732472467927653e-06,
            -1.944042930098129e-06,
            3.851114721802275e-06,
            1.09331661137974e-05,
            1.3810413004236926e-05,
            -7.05565592005843e-07,
            1.1224588352682384e-05,
            6.091050155446665e-06
        ],
        "0.09": [
            9.929237888282489e-07,
            4.709373838538039e-07,
            1.5728481169171614e-06,
            9.681801487683101e-06,
            3.194601047786913e-06,
            1.2981494494706746e-05,
            2.967796497393628e-06,
            6.077597623879581e-06,
            -2.564335774766375e-06,
            3.1041918083007143e-06
        ],
        "0.09999999999999999": [
            -3.56913261669724e-07,
            2.3158670860854313e-06,
            6.4260664741939565e-06,
            1.6430561654384985e-05,
            8.821743537312643e-06,
            9.055172578517792e-07,
            1.3231636894712097e-05,
            7.3113272863081166e-06,
            9.675851997385152e-06,
            7.545835356886679e-06
        ],
        "0.11": [
            1.442716579825785e-06,
            8.876064693926017e-06,
            3.547377886231328e-06,
            1.2618100104977586e-05,
            1.8638458039414645e-07,
            1.1281087871795182e-05,
            6.063802131776331e-06,
            -1.641286995304373e-07,
            8.362214094713199e-06,
            7.363296861477497e-06
        ],
        "0.12": [
            1.140447638645897e-05,
            2.794813850357602e-06,
            -3.3491082737758467e-06,
            -1.4919111147431108e-06,
            -8.525546323703438e-07,
            3.2227380393902316e-06,
            3.0697997256458258e-06,
            6.380031811910031e-06,
            -2.6784737470416253e-07,
            1.3240603167398044e-05
        ],
        "0.13": [
            1.3197805070788022e-07,
            4.59825749484056e-08,
            2.8539743340859836e-06,
            2.3983292884872554e-05,
            1.9544893611616203e-05,
            1.8619167458569619e-06,
            1.2358705739082423e-05,
            -8.756376813595591e-07,
            1.1389378011764574e-05,
            2.3646157179415673e-06
        ],
        "0.14": [
            1.9367726184298203e-06,
            -5.797618848560354e-07,
            1.042551114466889e-05,
            4.385552712601498e-06,
            8.080613689100008e-06,
            7.172385975133446e-06,
            7.411404558943924e-06,
            5.12063171241512e-06,
            6.991882629076627e-07,
            3.3221283751052236e-06
        ],
        "0.15000000000000002": [
            9.425193719977082e-06,
            8.994219906046908e-06,
            2.190026324108822e-06,
            8.948998303658404e-06,
            2.403748663837085e-06,
            6.6795974626938494e-06,
            2.791783724496307e-06,
            5.9486324755227975e-06,
            2.0566573489197313e-06,
            9.406624656658155e-06
        ],
        "0.16": [
            2.4221942956940813e-06,
            -1.45337061290842e-06,
            4.8940234332632365e-06,
            1.717289073754809e-06,
            1.3169952818475497e-05,
            3.8045359044197188e-06,
            -3.294044438925498e-06,
            -1.4586847241776298e-06,
            2.360928121326113e-05,
            2.2688607595592353e-05
        ],
        "0.17": [
            -1.6976111720081852e-06,
            5.59900513551554e-06,
            -8.248319829937826e-07,
            1.559214504419612e-06,
            -1.4455363119634704e-06,
            -1.4758093536072293e-06,
            4.848881548452902e-06,
            5.5845374440237e-06,
            -1.2003446374171893e-06,
            1.2681442623444713e-05
        ],
        "0.18000000000000002": [
            9.67400601302618e-07,
            -7.85853211500135e-07,
            -3.1986466263730135e-06,
            3.4221361879315413e-06,
            2.4452258618278278e-06,
            5.482325251248824e-06,
            1.0177786007389572e-05,
            1.1531713170096837e-05,
            1.435101045640608e-06,
            6.478188198338191e-06
        ],
        "0.19": [
            1.240376542633499e-05,
            4.459186490085995e-06,
            2.5556419468953435e-06,
            7.82049312327473e-06,
            -2.6154759376591577e-06,
            3.914486061816271e-06,
            8.26992779076787e-08,
            4.481617175038779e-06,
            4.26601797911444e-06,
            1.1203306256526557e-05
        ],
        "0.2": [
            8.761725813493517e-06,
            1.8115399368918998e-06,
            8.04482338975314e-06,
            -1.1294223322999613e-07,
            -3.18482228172915e-06,
            4.234676009179409e-06,
            7.68505373424141e-07,
            7.640247690349521e-06,
            1.1860601427999078e-05,
            2.8406226973260823e-06
        ],