{
    "100": {
        "0.02": [
            1.2434816040143487e-05,
            3.93141265302309e-05,
            6.47693412005052e-05,
            4.485515698862644e-05,
            1.8532734611053897e-05,
            5.112163921706284e-05,
            4.276370239631365e-05,
            1.6616388025589827e-05,
            6.61039470909236e-05,
            1.0131286407631202e-06
        ],
        "0.04": [
            5.132422569494854e-05,
            7.16598330203319e-05,
            4.964502087253347e-05,
            4.047379054616027e-05,
            0.00010476107430020365,
            6.716360805704572e-05,
            5.9205041471732e-05,
            3.846259701225555e-05,
            6.494698763516825e-05,
            6.461503242607396e-05
        ],
        "0.06": [
            4.368519454584201e-05,
            0.00010253365350233959,
            5.7941699743414694e-05,
            6.391350474839533e-05,
            7.101405007824203e-05,
            5.77639492811852e-05,
            6.142915670658565e-05,
            3.7000463942699536e-05,
            4.527123597135023e-05,
            0.0001050233424861695
        ],
        "0.08": [
            7.69264715591724e-05,
            7.183641505634515e-05,
            2.416719925906418e-05,
            9.196945999700986e-05,
            4.616654674257352e-05,
            5.961934191453366e-05,
            8.199815890009651e-05,
            5.291203694845088e-05,
            6.458908481384155e-05,
            8.958153915344529e-05
        ],
        "0.1": [
            3.6886453566851536e-05,
            6.625239811828521e-05,
            8.254978684774537e-05,
            4.765323339499147e-05,
            6.358237357363985e-05,
            6.265468812755005e-05,
            7.272422108157244e-06,
            1.025678965875212e-05,
            3.5700091570672716e-05,
            8.627165436723785e-05
        ]
    },
    "200": {
        "0.02": [
            5.404091510010158e-05,
            4.270560716469134e-05,
            6.999971171518066e-05,
            6.659143189519684e-05,
            6.283226547269581e-05,
            5.155621623596475e-05,
            4.452901041779494e-05,
            5.792859228783315e-05,
            8.30619631525135e-05,
            6.257848006769486e-05
        ],
        "0.04": [
            6.546251667166916e-05,
            6.736196408502089e-05,
            6.589093600963401e-05,
            6.937545549614263e-05,
            7.521763687985615e-05,
            6.786740793224828e-05,
            7.441497056775718e-05,
            6.975914918454791e-05,
            6.744156175545154e-05,
            6.946825420836987e-05
        ],
        "0.06": [
            8.467624917552444e-05,
            8.14257744916633e-05,
            5.412753008295156e-05,
            6.174171681412656e-05,
            6.449816881929404e-05,
            8.494342830198028e-05,
            7.006072436700468e-05,
            6.321938543240903e-05,
            7.25069465322128e-05,
            6.997143348348963e-05
        ],
        "0.08": [
            6.39363888063973e-05,
            6.436726056791577e-05,
            8.354483510112822e-05,
            7.01362061031764e-05,
            7.119101844672725e-05,
            3.733211821631381e-05,
            0.00010610498548091946,
            6.991095817643537e-05,
            9.609325887538318e-05,
            9.201642578252617e-05
        ],
        "0.1": [
            9.955532920964256e-05,
            0.00011295511379913054,
            7.43332823418776e-05,
            5.641357977540401e-05,
            7.86208230724876e-05,
            0.00010068417656585818,
            7.26223345593849e-05,
            8.643573001069447e-05,
            7.275800924190245e-05,
            8.399590658747711e-05
        ]
    },
    "300": {
        "0.02": [
            9.123474770673926e-05,
            7.230314491987259e-05,
            9.519356185303938e-05,
            0.00010546157538310429,
            7.056219907315239e-05,
            5.4089526117826764e-05,
            4.5164403672608364e-05,
            7.720887539086285e-05,
            6.187497150141623e-05,
            3.7223706961886506e-05
        ],
        "0.04": [
            7.199309158938041e-05,
            9.677201903660332e-05,
            3.952491305206079e-05,
            7.056462433404331e-05,
            7.453492364847671e-05,
            7.994599552029137e-05,
            6.597841994718542e-05,
            5.22875985390595e-05,
            7.638891145459724e-05,
            5.507050685140775e-05
        ],
        "0.06": [
            9.067144830281718e-05,
            6.981329933162221e-05,
            6.328790870423075e-05,
            8.776541892731748e-05,
            6.745629536023884e-05,
            7.14667249371277e-05,
            6.942183606091187e-05,
            8.504617214314148e-05,
            8.916738054195623e-05,
            8.025761393473377e-05
        ],
        "0.08": [
            0.00010185863700962342,
            9.069444343681316e-05,
            7.107006865300321e-05,
            7.708646859295506e-05,
            8.087049896796852e-05,
            6.986944095465104e-05,
            9.169876289866738e-05,
            9.265046109208479e-05,
            8.394196012406836e-05,
            9.80091915337646e-05
        ],
        "0.1": [
            7.668447145699553e-05,
            7.985012497234968e-05,
            0.0001020523928448812,
            0.00010365098748490092,
            6.94313173506303e-05,
            5.788394359792931e-05,
            9.489769464749969e-05,
            7.596674938916624e-05,
            7.921933532522591e-05,
            8.354987003350689e-05
        ]
    },
    "400": {
        "0.02": [
            0.00010588068204316128,
            7.063476398934035e-05,
            7.12593606195914e-05,
            4.608003177090392e-05,
            4.4664012885420864e-05,
            6.16937523244345e-05,
            7.755295651449885e-05,
            5.882151498023043e-05,
            7.834026344141927e-05,
            6.343006162031296e-05
        ],
        "0.04": [
            8.180180951226222e-05,
            8.465500780413475e-05,
            7.049183038763805e-05,
            8.15599404364e-05,
            0.0003394934816687893,
            7.328765900581687e-05,
            4.673632601839112e-05,
            8.987256098351841e-05,
            7.466087768515037e-05,
            8.999600277473216e-05
        ],
        "0.06": [
            6.176651721892835e-05,
            9.842333828542612e-05,
            7.781913309139238e-05,
            9.806003323963758e-05,
            9.69777129133783e-05,
            8.874771612205807e-05,
            5.7867876136008124e-05,
            0.00010057913198471058,
            8.813148950241861e-05,
            7.950861146245016e-05
        ],
        "0.08": [
            6.97355285855193e-05,
            9.789031425823585e-05,
            3.346863588123468e-05,
            6.806326278602802e-05,
            7.518996112866537e-05,
            7.834962720958931e-05,
            0.00010363589920918932,
            8.400806588341094e-05,
            8.308393572434902e-05,
            7.266605334747058e-05
        ],
        "0.1": [
            8.9128691033759e-05,
            0.00011463922036964689,
            8.069042977870313e-05,
            7.811024417499997e-05,
            9.377694877557981e-05,
            9.307124640966858e-05,
            0.00010991072504593834,
            9.089046918056805e-05,
            0.00010148604272676859,
            8.244986577344974e-05
        ]
    },